ticket_id,created_date,channel,priority,team,customer_messages,resolution_hours,breached
T001,2026-01-01,chat,high,billing,1,2,0
T002,2026-01-02,email,low,technical,2,6,0
T003,2026-01-03,email,low,billing,3,12,0
T004,2026-01-04,chat,low,technical,4,24,0
T005,2026-01-05,email,high,billing,1,30,1
T006,2026-01-06,email,low,technical,2,48,1
T007,2026-01-07,chat,low,billing,3,4,0
T008,2026-01-08,email,low,technical,4,10,0
T009,2026-01-09,email,high,billing,1,16,0
T010,2026-01-10,chat,low,technical,2,28,1
T011,2026-01-11,email,low,billing,3,36,1
T012,2026-01-12,email,low,technical,4,60,1
T013,2026-01-13,chat,high,billing,1,3,0
T014,2026-01-14,email,low,technical,2,8,0
T015,2026-01-15,email,low,billing,3,18,0
T016,2026-01-16,chat,low,technical,4,24,0
T017,2026-01-17,email,high,billing,1,32,1
T018,2026-01-18,email,low,technical,2,72,1
T019,2026-01-19,chat,low,billing,3,5,0
T020,2026-01-20,email,low,technical,4,14,0
T021,2026-01-21,email,high,billing,1,20,0
T022,2026-01-22,chat,low,technical,2,26,1
T023,2026-01-23,email,low,billing,3,40,1
T024,2026-01-24,email,low,technical,4,96,1
